difficulty,average_success_rate
easy,0.4159869494290375
base,0.2775423728813559
hard,0.1652892561983471
