model,overall_success_rate
claude-3-7-sonnet-20250219,0.3744493392070485
gemini-2.5-pro-preview-05-06,0.44493392070484583
gemini-2.5-flash-preview-04-17,0.36123348017621143
gpt-4o,0.3392070484581498
gpt-4o-mini,0.27312775330396477
qwen2.5-vl-72b-instruct,0.2088888888888889
qwen2.5-vl-32b-instruct,0.19555555555555557
qwen2.5-vl-7b-instruct,0.09777777777777778
