difficulty,average_success_rate
easy,0.4131578947368421
base,0.2745762711864407
hard,0.17066666666666666
